{
    "en": {
        "hand": "Hand",
        "loading": "Loading",
        "tagline": "A free and open-source online collaborative drawing tool. Sketch new ideas together on WBO!",
        "configuration": "Configuration",
        "collaborative_whiteboard": "Collaborative whiteboard",
        "size": "Size",
        "zoom": "Zoom",
        "tools": "Tools",
        "rectangle": "Rectangle",
        "square": "Square",
        "circle": "Circle",
        "ellipse": "Ellipse",
        "click_to_toggle": "click to toggle",
        "menu": "Menu",
        "text": "Text",
        "mover": "Mover",
        "straight_line": "Straight line",
        "pencil": "Pencil",
        "grid": "Grid",
        "click_to_zoom": "Click to zoom in\nPress shift and click to zoom out",
        "keyboard_shortcut": "keyboard shortcut",
        "mousewheel": "mouse wheel",
        "opacity": "Opacity",
        "color": "Color",
        "eraser": "Eraser",
        "White-out": "White-out",
        "index_title": "Welcome to the free online whiteboard WBO!",
        "introduction_paragraph": "WBO is a <a href=\"https://github.com/lovasoa/whitebophir\" title=\"Free as in free speech, not free beer. This software is released under the AGPL license\">free and open-source</a> online collaborative whiteboard that allows many users to draw simultaneously on a large virtual board. The board is updated in real time for all connected users, and its state is always persisted. It can be used for many different purposes, including art, entertainment, design and teaching.",
        "share_instructions": "To collaborate on a drawing in real time with someone, just send them its URL.",
        "public_board_description": "The <b>public board</b> is accessible to everyone. It is a happily disorganized mess where you can meet with anonymous strangers and draw together. Everything there is ephemeral.",
        "open_public_board": "Go to the public board",
        "private_board_description": "You can create a <b>private board</b> with a random name, that will be accessible only by its link. Use this if you want to share private information.",
        "create_private_board": "Create a private board",
        "named_private_board_description": "You can also create a <strong>named private board</strong>, with a custom URL, that will be accessible to all those who know its name.",
        "board_name_placeholder": "Name of the board…",
        "view_source": "Source code on GitHub"
    },
    "de": {
        "hand": "Hand",
        "mover": "Verschiebung",
        "loading": "Lädt",
        "tagline": "Ein freies quelloffenes kollaboratives Zeichentool. Zeichnet eure Ideen zusammen auf WBO!",
        "configuration": "Konfiguration",
        "collaborative_whiteboard": "Kollaboratives Whiteboard",
        "size": "Größe",
        "zoom": "Zoom",
        "tools": "Werkzeuge",
        "rectangle": "Rechteck",
        "square": "Quadrat",
        "circle": "Kreis",
        "ellipse": "Ellipse",
        "click_to_toggle": "Klicken Sie zum Umschalten",
        "menu": "Menü",
        "text": "Text",
        "straight_line": "Gerade Linie",
        "pencil": "Stift",
        "click_to_zoom": "Klicke zum reinzoomen\nHalte die Umschalttaste und klicke zum herauszoomen",
        "keyboard_shortcut": "Tastenkombination",
        "mousewheel": "Mausrad",
        "opacity": "Deckkraft",
        "color": "Farbe",
        "eraser": "Radierer",
        "white-out": "Korrekturflüssigkeit",
        "grid": "Gitter",
        "index_title": "Wilkommen bei WBO!",
        "introduction_paragraph": "WBO ist ein <a href=\"https://github.com/lovasoa/whitebophir\" title=\"Frei im Sinne von Redefreiheit, nicht Freibier. Diese Software wird unter der AGPL Lizenz veröffentlicht.\">freies und quelloffenes</a> kollaboratives Online-Whiteboard das vielen Nutzern erlaubt gleichzeitig auf einem großen virtuellen Whiteboard zu zeichnen. Das Whiteboard wird in Echtzeit für alle Nutzer aktualisiert und sein Inhalt wird gespeichert. Es kann für verschiedenste Anwendungen genutzt werden, z.B. Kunst, Unterhaltung, Design, Unterricht und Lehre.",
        "share_instructions": "Um mit jemanden zusammen an einem Whiteboard zu arbeiten teile einfach die jeweilige URL.",
        "public_board_description": " Das <b>öffentliche Whiteboard</b> kann von jedem geöffnet werden. Es ein fröhliches unorganisiertes Chaos wo du zusammen mit anonymen Fremden malen kannst. Alles dort ist vergänglich.",
        "open_public_board": "Gehe zum öffentlichen Whiteboard",
        "private_board_description": "Du kannst ein <b>privates Whiteboard</b> mit einem zufälligen Namen erstellen, welches man nur mit seinem Link öffnen kann. Benutze dies wenn du private Informationen teilen möchtest.",
        "create_private_board": "Erstelle ein privates Whiteboard",
        "named_private_board_description": "Du kannst auch ein <strong>privates Whiteboard mit Namen</strong> mit einer benutzerdefinierten URL erstellen. Alle die den Namen kennen, können darauf zugreifen.",
        "board_name_placeholder": "Name des Whiteboards…",
        "view_source": "Quellcode auf GitHub"
    },
    "es": {
        "hand": "Mano",
        "mover": "Desplazamiento",
        "loading": "Cargando",
        "tagline": "Una herramienta de dibujo colaborativa en línea gratuita y de código abierto. Esboce nuevas ideas en la pizarra colaborativa WBO !",
        "configuration": "Configuration",
        "collaborative_whiteboard": "Pizarra colaborativa",
        "size": "Tamaño",
        "zoom": "Zoom",
        "tools": "Herramientas",
        "rectangle": "Rectángulo",
        "square": "Cuadrado",
        "circle": "Círculo",
        "ellipse": "Elipse",
        "click_to_toggle": "haga clic para alternar",
        "menu": "Menú",
        "text": "Texto",
        "straight_line": "Línea recta",
        "pencil": "Lápiz",
        "click_to_zoom": "Haga clic para acercar, Pulse [Mayús] y haga clic para alejar",
        "keyboard_shortcut": "atajo de teclado",
        "mousewheel": "Rueda del Ratón",
        "opacity": "Opacidad",
        "color": "Color",
        "grid": "Cuadrícula",
        "eraser": "Borrador",
        "white-out": "Blanqueado",
        "index_title": "¡Bienvenido a WBO!",
        "introduction_paragraph": "WBO es una pizarra colaborativa en línea, <a href=\"https://github.com/lovasoa/whitebophir\" title=\"libre como la libertad de expresión, no libre como una cerveza gratis. Este software se lanza bajo la licencia AGPL\">libre y de Código abierto</a>, que permite a muchos usuarios dibujar simultáneamente en una gran pizarra virtual. La pizarra se actualiza en tiempo real para todos los usuarios conectados y su estado siempre es persistente. Se puede utilizar para muchos propósitos diferentes, incluyendo arte, entretenimiento, diseño y enseñanza.",
        "share_instructions": "Para colaborar en un dibujo en tiempo real con alguien, simplemente envíele la <abbr title=\"un enlace tipo: https://wbo.ophir.dev/boards/el-codigo-de-tu-pizarra\">URL</abbr> de la pizarra que ya creaste.",
        "public_board_description": "La <b>pizarra pública</b> es accesible para todos. Es un desastre felizmente desorganizado donde puedes reunirte con extraños anónimos. Todo lo que hay es efímero.",
        "open_public_board": "Ir a la pizarra pública",
        "private_board_description": "Puede crear una <b>pizarra privada</b> con un nombre aleatorio, al que solo se podrá acceder mediante su enlace. Úselo si desea compartir información privada.",
        "create_private_board": "Crea una pizarra privada",
        "named_private_board_description": "También puede crear una <strong>pizarra privada dándole un nombre aleatorio o un nombre especifico</strong>, una <abbr title=\"tipo: https://wbo.ophir.dev/boards/el-código-que-te-parezca\">URL personalizada</abbr>, que será accesible para todos aquellos que conozcan su nombre.",
        "board_name_placeholder": "Nombre de la pizarra …",
        "view_source": "Código fuente en GitHub"
    },
    "fr": {
        "collaborative_whiteboard": "Tableau blanc collaboratif",
        "loading": "Chargement",
        "menu": "Menu",
        "tools": "Outils",
        "size": "Taille",
        "color": "Couleur",
        "opacity": "Opacité",
        "pencil": "Crayon",
        "text": "Texte",
        "rectangle": "Rectangle",
        "square": "Carré",
        "circle": "Cercle",
        "ellipse": "Ellipse",
        "click_to_toggle": "cliquer pour changer",
        "eraser": "Gomme",
        "white-out": "Blanco",
        "hand": "Main",
        "mover": "Déplacer un élément",
        "straight_line": "Ligne droite",
        "grid": "Grille",
        "keyboard_shortcut": "raccourci clavier",
        "mousewheel": "molette de la souris",
        "click_to_zoom": "Cliquez pour zoomer\nCliquez en maintenant la touche majuscule enfoncée pour dézoomer",
        "tagline": "Logiciel libre pour collaborer en ligne sur un tableau blanc. Venez dessiner vos idées ensemble sur WBO !",
        "index_title": "Bienvenue sur le tableau blanc collaboratif WBO !",
        "introduction_paragraph": "WBO est un logiciel <a href=\"https://github.com/lovasoa/whitebophir\" title=\"voir le code sous license AGPL\">libre et gratuit</a> de dessin collaboratif en ligne qui permet à plusieurs utilisateurs de collaborer simultanément sur un tableau blanc. Le tableau est mis à jour en temps réel pour tous les utilisateurs connectés, et reste disponible après votre déconnexion. Il peut être utilisé notemment pour l'enseignement, l'art, le design ou juste pour s'amuser.",
        "share_instructions": "Pour collaborer sur un tableau avec quelqu'un, envoyez-lui simplement son URL.",
        "public_board_description": "Le <b>tableau anonyme</b> est accessible publiquement. C'est un joyeux bazar où vous pourrez rencontrer des étrangers anonymes, et dessiner avec eux. Tout ce que vous y inscrivez est éphémère.",
        "open_public_board": "Ouvrir le tableau anonyme",
        "private_board_description": "Vous pouvez créer un <b>tableau privé</b> dont le nom sera aléatoire. Il sera accessible uniquement à ceux avec qui vous partagerez son adresse. À utiliser lorsque vous voulez partager des informations confidentielles.",
        "create_private_board": "Créer un tableau privé",
        "named_private_board_description": "Vous pouvez aussi créer un <strong>tableau privé nommé</strong>, avec une adresse personnalisée, accessible à tous ceux qui en connaissent le nom.",
        "board_name_placeholder": "Nom du tableau…",
        "view_source": "Code source sur GitHub"
    },
    "hu": {
        "hand": "Kéz",
        "loading": "Betöltés folyamatban",
        "tagline": "Ingyenes és nyílt forráskódú online együttműködési rajzoló eszköz. Vázoljon fel új ötleteket a WBO-n!",
        "configuration": "Beállítások",
        "collaborative_whiteboard": "Együttműködési tábla",
        "size": "Méret",
        "zoom": "Nagyítás/kicsinyítés",
        "tools": "Eszközök",
        "rectangle": "Téglalap",
        "square": "Négyzet",
        "circle": "Kör",
        "ellipse": "Ellipszis",
        "click_to_toggle": "kattintson ide a be- és kikapcsolásához",
        "menu": "Menü",
        "text": "Szöveg",
        "mover": "Mozgató",
        "straight_line": "Egyenes vonal",
        "pencil": "Ceruza",
        "grid": "Rács",
        "click_to_zoom": "Kattintson ide a nagyításhoz.\nShift + kattintás a kicsinyítéshez",
        "keyboard_shortcut": "billentyűparancs",
        "mousewheel": "egérkerék",
        "opacity": "Átlátszatlanság",
        "color": "Szín",
        "eraser": "Radír",
        "White-out": "Lefedő",
        "index_title": "Isten hozta a WBO ingyenes online tábláján!",
        "introduction_paragraph": "A WBO egy <a href=\"https://github.com/lovasoa/whitebophir\" title=\"Ingyenes, mint a szabad beszédben, nem ingyenes sör. Ez a szoftver a AGPL licenc alapján kerül kiadásra.\">ingyenes és nyílt forráskódú</a> online együttműködési tábla, amely lehetővé teszi sok felhasználó számára, hogy egyidejűleg rajzoljon egy nagy virtuális táblán. Az alaplap valós időben frissül az összes csatlakoztatott felhasználó számára és állapota állandó. Különböző célokra felhasználható, beleértve a művészetet, a szórakoztatást, a tervezést és a tanítást.",
        "share_instructions": "Ha valakivel valós időben szeretne együttműködni egy rajzon, küldje el neki az URL-jét.",
        "public_board_description": "A <b>nyilvános tábla</b> mindenki számára elérhető. Ez egy boldog szervezetlen rendetlenség, ahol találkozhat a névtelen ismeretlenek és dolgozhat együtt. Minden ott rövid távú.",
        "open_public_board": "Nyilvános tábla megnyitása",
        "private_board_description": "Készíthet egy <b>saját táblát</b> véletlenszerű névvel, amely csak a linkjével lesz elérhető. Használja ezt, ha személyes adatokat szeretne megosztani.",
        "create_private_board": "Saját tábla létrehozása",
        "named_private_board_description": "Készíthet egy <strong>saját nevű táblát</strong> is, egyéni URL-címmel, amely mindenki számára elérhető, aki ismeri a nevét.",
        "board_name_placeholder": "Tábla neve…",
        "view_source": "Forráskód a GitHub-on"
    },
    "it": {
        "hand": "Mano",
        "mover": "Spostamento",
        "loading": "Caricamento in corso",
        "tagline": "Uno strumento collaborativo per disegnare online, gratuito e open source. Disegniamo insieme nuove idee su WBO!",
        "configuration": "Configurazione",
        "collaborative_whiteboard": "Lavagna collaborativa",
        "size": "Dimensione",
        "zoom": "Zoom",
        "tools": "Strumenti",
        "rectangle": "Rettangolo",
        "square": "Quadrato",
        "circle": "Cerchio",
        "ellipse": "Ellisse",
        "click_to_toggle": "Fai Clic per attivare",
        "menu": "Menu",
        "text": "Testo",
        "straight_line": "Linea retta",
        "pencil": "Matita",
        "click_to_zoom": "Fai clic per ingrandire \nPremi [MAIUSC] e fai clic per ridurre",
        "keyboard_shortcut": "scorciatoia da tastiera",
        "mousewheel": "rotella del mouse",
        "opacity": "Opacità",
        "color": "Colore",
        "eraser": "Gomma",
        "grid": "Griglia",
        "white-out": "Bianchetto",
        "index_title": "Benvenuti a WBO!",
        "introduction_paragraph": "WBO è una lavagna collaborativa online <a href=\"https://github.com/lovasoa/whitebophir\" title=\"gratuita come é gratuita la libertà di espressione, no come un boccale di birra gratis. Questo software è rilasciato sotto licenza AGPL\">gratuita e open source</a> che consente a molti utenti di disegnare contemporaneamente su una grande lavagna virtuale. La lavagna viene aggiornata in tempo reale per tutti gli utenti connessi e lo stato è sempre persistente. Può essere utilizzato per molti scopi diversi, tra cui arte, intrattenimento, design e insegnamento.",
        "share_instructions": "Per collaborare a un disegno in tempo reale con qualcuno, basta condividere l'<abbr title=\"un link tipo https://wbo.ophir.dev/boards/il-codice-della-tua-lavagna\">URL della lavagna</abbr>.",
        "public_board_description": "La <b>lavagna pubblica</b> è accessibile a tutti. È un disastro felicemente disorganizzato dove puoi incontrare sconosciuti anonimi e disegnare insieme. Tutto in questo spazio è effimero.",
        "open_public_board": "Vai alla lavagna pubblica",
        "private_board_description": "Puoi creare una <b>lavagna privata</b> con un nome casuale, che sarà accessibile solo dal suo URL. Usalo se vuoi condividere informazioni private.",
        "create_private_board": "Crea una lavagna privata",
        "named_private_board_description": "Puoi anche creare una <strong>lavagna privata con un nome creato da te</strong>, con un URL personalizzato, che sarà accessibile a tutti coloro che ne conoscono il nome.",
        "board_name_placeholder": "Nome della lavagna…",
        "view_source": "Codice sorgente su GitHub"
    },
    "ja": {
        "hand": "手のひらツール",
        "mover": "変位",
        "loading": "読み込み中",
        "tagline": "無料でオープンソースの協同作業できるオンラインホワイトボード。WBOでアイディアを共有しましょう!",
        "configuration": "設定",
        "collaborative_whiteboard": "協同作業できるオンラインホワイトボード",
        "size": "サイズ",
        "zoom": "拡大・縮小",
        "tools": "ツール",
        "rectangle": "矩形",
        "square": "正方形",
        "menu": "メニュー",
        "text": "テキスト",
        "straight_line": "直線",
        "pencil": "ペン",
        "circle": "サークル",
        "ellipse": "楕円",
        "click_to_toggle": "クリックして切り替えます",
        "click_to_zoom": "クリックで拡大\nシフトを押しながらクリックで縮小",
        "keyboard_shortcut": "キーボードショートカット",
        "mousewheel": "ねずみ車",
        "opacity": "透明度",
        "color": "色",
        "eraser": "消去",
        "grid": "グリッド",
        "white-out": "修正液",
        "index_title": "WBOへようこそ!",
        "introduction_paragraph": "WBOは<a href=\"https://github.com/lovasoa/whitebophir\" title=\"ビール飲み放題ではなく言論の自由。このソフトウェアはAGPLライセンスで公開しています。\">無料かつオープンソース</a>の協同作業できるオンラインホワイトボードです。多くのユーザーが大きな仮想ホワイトボードに図などを書くことができ、接続しているすべてのユーザーの更新をリアルタイムに反映され、その状態を常に保存します。これはアート、エンタテインメント、デザインや教育など、様々な用途で使用できます。",
        "share_instructions": "URLを送るだけで、リアルタイムな共同作業ができます。",
        "public_board_description": "<b>公開ボード</b>は、WBOにアクセスできる人であれば誰でも参加できますが、これは一時的な用途に向いています。",
        "open_public_board": "公開ボードを作成する",
        "private_board_description": "プライベートな情報を共有したいときは、ランダムな名前を持つ、<b>プライベートボード</b>を作成できます。このボードはリンクを知っている人がアクセスできます。",
        "create_private_board": "プライベートボードを作成する",
        "named_private_board_description": "<strong>名前つきプライベートボード</strong>を作ることもできます。このボードは名前かURLを知っている人だけがアクセスできます。",
        "board_name_placeholder": "ボードの名前",
        "view_source": "GitHubでソースコード見る"
    },
    "ru": {
        "collaborative_whiteboard": "Онлайн доска для совместного рисования",
        "loading": "Загрузка",
        "menu": "Панель",
        "tools": "Инструменты",
        "size": "Размер",
        "color": "Цвет",
        "opacity": "Непрозрачность",
        "pencil": "Карандаш",
        "text": "Текст",
        "eraser": "Ластик",
        "white-out": "Корректор",
        "hand": "Рука",
        "straight_line": "Прямая линия",
        "rectangle": "Прямоугольник",
        "square": "Квадрат",
        "circle": "Круг",
        "ellipse": "Эллипс",
        "click_to_toggle": "нажмите, чтобы переключиться",
        "zoom": "Лупа",
        "mover": "Сдвинуть объект",
        "grid": "Сетка",
        "configuration": "Настройки",
        "keyboard_shortcut": "горячая клавиша",
        "mousewheel": "колёсико мыши ",
        "tagline": "Бесплатная и открытая доска для совместной работы в интернете. Рисуете свои идеи вместе в WBO !",
        "index_title": "Добро пожаловать на WBO !",
        "introduction_paragraph": "WBO это бесплатная и <a href=\"https://github.com/lovasoa/whitebophir\" title=\"открытый исходный код\">открытая</a> виртуальная онлайн доска, позволяющая рисовать одновременно сразу нескольким пользователям. С WBO вы сможете рисовать, работать с коллегами над будущими проектами, проводить онлайн встречи, подкреплять ваши обучающие материалы и даже пробовать себя в дизайне. WBO доступен без регистрации.",
        "share_instructions": "Использовать платформу для совместного творчества очень просто. Достаточно поделиться ссылкой URL с теми, кто хочет с вами порисовать. Как только они получат URL они смогут к вам присоединиться.",
        "public_board_description": "<b>Анонимная доска</b> позволяет рисовать вместе онлайн. Используйте этот формат для творчества и кучи разных идей. Вдохновляйтесь уже существующими рисунками, дополняйте их и создавайте совместные работы с другими посетителями. Любой пользователь может удалять уже существующие элементы и рисунки.",
        "open_public_board": "Открыть анонимную доску",
        "private_board_description": "<b>Приватная доска</b> обладает тем же функционалом, что и анонимная доска. Разница в том, что приватную доску могут видеть только те пользователи, у которых на нее есть ссылка. Используйте приватную онлайн доску в рабочих целях, проводите онлайн уроки, рисуйте с детьми или друзьями. Другие пользователи не смогут удалять или менять ваши работы без вашего разрешения.",
        "create_private_board": "Создать приватную доску",
        "named_private_board_description": "Также можно создать <b>именную приватную доску</b> которая будет доступна всем тем, кому вы отправили название вашей доски.",
        "board_name_placeholder": "Название доски",
        "view_source": "Исходный код на GitHub"
    },
    "zh": {
        "collaborative_whiteboard": "在线协作式白板",
        "loading": "载入中",
        "menu": "目录",
        "tools": "工具",
        "size": "尺寸",
        "color": "颜色",
        "opacity": "不透明度",
        "pencil": "铅笔",
        "rectangle": "矩形",
        "square": "正方形",
        "circle": "圈",
        "ellipse": "椭圆",
        "click_to_toggle": "单击以切换",
        "zoom": "放大",
        "text": "文本",
        "eraser": "橡皮",
        "white-out": "修正液",
        "hand": "移动",
        "mover": "平移",
        "straight_line": "直线",
        "configuration": "刷设置",
        "keyboard_shortcut": "键盘快捷键",
        "mousewheel": "鼠标轮",
        "grid": "格",
        "click_to_zoom": "点击放大。\n保持班次并单击缩小。",
        "tagline": "打开即用的免费在线白板工具",
        "index_title": "欢迎来到 WBO！",
        "introduction_paragraph": " WBO是一<a href=\"https://github.com/lovasoa/whitebophir\">个免费的</a>、开源的在线协作白板，它允许许多用户同时在一个大型虚拟板上画图。该板对所有连接的用户实时更新，并且始终可用。它可以用于许多不同的目的，包括艺术、娱乐、设计和教学。",
        "share_instructions": "要与某人实时协作绘制图形，只需向他们发送白板的URL。",
        "public_board_description": "每个人都可以使用公共白板。这是一个令人愉快的混乱的地方，你可以会见匿名陌生人，并在一起。那里的一切都是短暂的。",
        "open_public_board": "进入公共白板",
        "private_board_description": "您可以创建一个带有随机名称的私有白板，该白板只能通过其链接访问。如果要共享私人信息，请使用此选项。",
        "create_private_board": "创建私人白板",
        "named_private_board_description": "您还可以创建一个命名的私有白板，它有一个自定义的URL，所有知道它名字的人都可以访问它。",
        "board_name_placeholder": "白板名称",
        "view_source": "GitHub上的源代码"
    }
}
